model,group,nonzero,total,flops_per_token,sparsity,param_frac
Dense,attention_linear,28348393,28348416,56623104,8.113328096026606e-07,0.17301634918254089
Dense,embedding,40182508,40183296,80366592,1.961013850138027e-05,0.24524711264436777
Dense,lm_head,38608881,38608896,77217792,3.8851149741780944e-07,0.23563821808909555
Dense,mlp_linear,56669121,56669184,113246208,1.1117153195794316e-06,0.34586395680215987
Dense,norm,38400,38400,0,0.0,0.0002343632818359082
