model,group,nonzero,total,flops_per_token,sparsity,param_frac
Masked30,attention_linear,20204875,28348416,56623104,0.2872661738842833,0.17301634918254089
Masked30,embedding,40182508,40183296,80366592,1.961013850138027e-05,0.24524711264436777
Masked30,lm_head,38608881,38608896,77217792,3.8851149741780944e-07,0.23563821808909555
Masked30,mlp_linear,39318068,56669184,113246208,0.3061825629957897,0.34586395680215987
Masked30,norm,38400,38400,0,0.0,0.0002343632818359082
