model,group,nonzero,total,flops_per_token,sparsity,param_frac
CSR30,attention_linear,20168011,28311552,40336022,0.28764021838152853,0.17287887598716914
CSR30,embedding,40182508,40183296,80366592,1.961013850138027e-05,0.24537132566733572
CSR30,lm_head,38608881,38608896,77217792,3.8851149741780944e-07,0.23575756438875237
CSR30,mlp_linear,39271988,56623104,78543976,0.306431735003436,0.3457577519743383
CSR30,norm,38400,38400,0,0.0,0.00023448198240447204
