setup,size_mb,sparsity,top1_match
Dense,477.75,6.978640314292406e-06,1.0
Masked30,477.75,0.2035738447459812,0.6613546013832092
CSR30,153.75,1.9551098831338543e-05,0.6613546013832092
